title,company,location,posted,url,description
Python Software Engineer 2,Garmin,"Olathe, KS",2 days ago,https://www.linkedin.com/jobs/view/python-software-engineer-2-at-garmin-4426399093,
Python Developer,LTIMindtree,"Charlotte, NC",1 month ago,https://www.linkedin.com/jobs/view/python-developer-at-ltimindtree-4402169169,
"Software Engineer L5, Python Platform",Netflix,United States,1 week ago,https://www.linkedin.com/jobs/view/software-engineer-l5-python-platform-at-netflix-4411198995,
Junior Full Stack Engineer ($250k - $300k salary),Baton Corporation,"New York, NY",3 months ago,https://www.linkedin.com/jobs/view/junior-full-stack-engineer-%24250k-%24300k-salary-at-baton-corporation-4373590558,
Python Developer,VBeyond Corporation,United States,3 days ago,https://www.linkedin.com/jobs/view/python-developer-at-vbeyond-corporation-4426361946,
Python Developer - Fully Remote | Upto $100/hr,Mercor,"San Francisco, CA",1 day ago,https://www.linkedin.com/jobs/view/python-developer-fully-remote-upto-%24100-hr-at-mercor-4426178419,
Python Developer,Genpact,New York City Metropolitan Area,20 hours ago,https://www.linkedin.com/jobs/view/python-developer-at-genpact-4424806770,
Entry Level Python Developer (Remote),SynergisticIT,"Indianapolis, IN",2 weeks ago,https://www.linkedin.com/jobs/view/entry-level-python-developer-remote-at-synergisticit-4420671223,
Python Developer - Entry-Experienced,Medpace,"Cincinnati, OH",2 weeks ago,https://www.linkedin.com/jobs/view/python-developer-entry-experienced-at-medpace-4410821360,
Python Backend Engineer - Remote,YO IT Consulting,United States,2 days ago,https://www.linkedin.com/jobs/view/python-backend-engineer-remote-at-yo-it-consulting-4425878623,
"Senior Software Engineer, Compute Platform (Python/AWS) | Elite Boston Hedge Fund",Delmar Nord,"Boston, MA",2 days ago,https://www.linkedin.com/jobs/view/senior-software-engineer-compute-platform-python-aws-elite-boston-hedge-fund-at-delmar-nord-4426508209,
Python Developer,Persistent Systems,"Tampa, FL",5 days ago,https://www.linkedin.com/jobs/view/python-developer-at-persistent-systems-4421551669,
Python Developer,Infosys,"Charlotte, NC",1 week ago,https://www.linkedin.com/jobs/view/python-developer-at-infosys-4411188667,
Python Developer - Fully Remote | Upto $100/hr,Mercor,United States,4 days ago,https://www.linkedin.com/jobs/view/python-developer-fully-remote-upto-%24100-hr-at-mercor-4425449737,
Python Developer,Infosys,"Charlotte, NC",2 days ago,https://www.linkedin.com/jobs/view/python-developer-at-infosys-4413623733,
"Software Engineer - Python, SQL",ASTEC,United States,1 week ago,https://www.linkedin.com/jobs/view/software-engineer-python-sql-at-astec-4419621128,
Python Developer | Remote,CodeGeniusRecruit,United States,1 week ago,https://www.linkedin.com/jobs/view/python-developer-remote-at-codegeniusrecruit-4402700458,
Python Developer,Open Systems Technologies,"New York, NY",1 week ago,https://www.linkedin.com/jobs/view/python-developer-at-open-systems-technologies-3952275643,
Python Developer,"TechnoSphere, Inc.","Cleveland, OH",1 day ago,https://www.linkedin.com/jobs/view/python-developer-at-technosphere-inc-4427057381,
Python Developer,HCLTech,"San Jose, CA",2 weeks ago,https://www.linkedin.com/jobs/view/python-developer-at-hcltech-4417254048,
Python Developer,LTIMindtree,"Tampa, FL",1 week ago,https://www.linkedin.com/jobs/view/python-developer-at-ltimindtree-4370711031,
Junior Software Engineer (Python),Synergy ECP,"Annapolis Junction, MD",11 months ago,https://www.linkedin.com/jobs/view/junior-software-engineer-python-at-synergy-ecp-4250717400,
Python Developer,Infosys,"Hartford, CT",2 days ago,https://www.linkedin.com/jobs/view/python-developer-at-infosys-4413610983,
Python Backend Engineer - APIs,EITACIES Inc.,"Phoenix, AZ",3 days ago,https://www.linkedin.com/jobs/view/python-backend-engineer-apis-at-eitacies-inc-4422273698,
Python Developer,"TechnoSphere, Inc.","San Jose, CA",1 day ago,https://www.linkedin.com/jobs/view/python-developer-at-technosphere-inc-4427551745,
Junior Python Developer (Python/Django),Inspekt AI,"Boston, MA",1 month ago,https://www.linkedin.com/jobs/view/junior-python-developer-python-django-at-inspekt-ai-4412758767,
Front-End Web Developer,Aditi Consulting,"Cincinnati, OH",2 days ago,https://www.linkedin.com/jobs/view/front-end-web-developer-at-aditi-consulting-4426396413,
Python Software Engineer,MORSE Corp,Greater Boston,1 week ago,https://www.linkedin.com/jobs/view/python-software-engineer-at-morse-corp-4347474078,
Python Developer | Remote,Crossing Hurdles,United States,1 week ago,https://www.linkedin.com/jobs/view/python-developer-remote-at-crossing-hurdles-4424556568,
Python Developer,Trust In SODA,"Boston, MA",1 week ago,https://www.linkedin.com/jobs/view/python-developer-at-trust-in-soda-4424430185,
"Python Developer - Make Healthcare Great Again - $200k , Full Remote, Python, TypeScript.",Venchr,United States,1 day ago,https://www.linkedin.com/jobs/view/python-developer-make-healthcare-great-again-%24200k-full-remote-python-typescript-at-venchr-4426624186,
Python Developer,Synechron,"Charlotte, NC",3 weeks ago,https://www.linkedin.com/jobs/view/python-developer-at-synechron-4412299365,
Software Engineer - Python,Applied Intuition,"Sunnyvale, CA",1 week ago,https://www.linkedin.com/jobs/view/software-engineer-python-at-applied-intuition-4423959813,
Software Engineer - Python,Interclypse,"Annapolis Junction, MD",1 month ago,https://www.linkedin.com/jobs/view/software-engineer-python-at-interclypse-4402245614,
Python Backend Developer,"TechnoSphere, Inc.","San Jose, CA",1 day ago,https://www.linkedin.com/jobs/view/python-backend-developer-at-technosphere-inc-4427565664,
Python Developer,Techyantram Solutions LLC,"Chicago, IL",2 days ago,https://www.linkedin.com/jobs/view/python-developer-at-techyantram-solutions-llc-4427522704,
Python Developer,Envision Technology Solutions,United States,19 hours ago,https://www.linkedin.com/jobs/view/python-developer-at-envision-technology-solutions-4426661478,
Python Developer,Envision Technology Solutions,"Jersey City, NJ",3 weeks ago,https://www.linkedin.com/jobs/view/python-developer-at-envision-technology-solutions-4416329334,
Python Software Engineer,MORSE Corp,"Washington, DC",2 weeks ago,https://www.linkedin.com/jobs/view/python-software-engineer-at-morse-corp-4408463983,
Software Engineer - Python | Remote,Crossing Hurdles,United States,1 week ago,https://www.linkedin.com/jobs/view/software-engineer-python-remote-at-crossing-hurdles-4384256671,
Python Software Engineer,MORSE Corp,Washington DC-Baltimore Area,2 weeks ago,https://www.linkedin.com/jobs/view/python-software-engineer-at-morse-corp-4408479886,
(Jr.–Sr.) Software Engineer - Backend/Platform,Laminar,"Somerville, MA",2 hours ago,https://www.linkedin.com/jobs/view/jr-%E2%80%93sr-software-engineer-backend-platform-at-laminar-4428113071,
"Software Engineer, Python",Nearmap,"Carlsbad, CA",1 week ago,https://www.linkedin.com/jobs/view/software-engineer-python-at-nearmap-4424302478,
Developer - Python,RSC Solutions,"Charlotte, NC",2 weeks ago,https://www.linkedin.com/jobs/view/developer-python-at-rsc-solutions-4421795901,
Python Engineer - Systematic Trading,The JM Longbridge Group,"Illinois, United States",3 weeks ago,https://www.linkedin.com/jobs/view/python-engineer-systematic-trading-at-the-jm-longbridge-group-4294399385,
Python Developer,Synechron,"Charlotte, NC",3 weeks ago,https://www.linkedin.com/jobs/view/python-developer-at-synechron-4412864008,
Python Developer,Insight Global,"Jersey City, NJ",1 week ago,https://www.linkedin.com/jobs/view/python-developer-at-insight-global-4419062803,
Python Developer,Open Systems Technologies,"New York, NY",1 week ago,https://www.linkedin.com/jobs/view/python-developer-at-open-systems-technologies-3952273769,
Python Developer | $65/hr Remote,Crossing Hurdles,United States,1 week ago,https://www.linkedin.com/jobs/view/python-developer-%2465-hr-remote-at-crossing-hurdles-4415177345,
Python Full stack Developer,Synechron,"Charlotte, NC",2 days ago,https://www.linkedin.com/jobs/view/python-full-stack-developer-at-synechron-4422745344,
Python Developer,StreetID,New York City Metropolitan Area,3 weeks ago,https://www.linkedin.com/jobs/view/python-developer-at-streetid-3819719843,
Python Developer | $65/hr Remote,Crossing Hurdles,United States,1 week ago,https://www.linkedin.com/jobs/view/python-developer-%2465-hr-remote-at-crossing-hurdles-4415634035,
Python Developer,HMG AMERICA LLC,"San Jose, CA",1 week ago,https://www.linkedin.com/jobs/view/python-developer-at-hmg-america-llc-4423208608,
Python AI Engineer,Tech Mahindra,"Cleveland, OH",1 week ago,https://www.linkedin.com/jobs/view/python-ai-engineer-at-tech-mahindra-4424583500,
Python Software Engineer,Old Mission,"Chicago, IL",7 months ago,https://www.linkedin.com/jobs/view/python-software-engineer-at-old-mission-3761765202,
Python Developer,Envision Technology Solutions,"Jersey City, NJ",22 hours ago,https://www.linkedin.com/jobs/view/python-developer-at-envision-technology-solutions-4426643679,
Python Developer,Orabase Solutions,"McKinney, TX",1 month ago,https://www.linkedin.com/jobs/view/python-developer-at-orabase-solutions-4406612466,
Python Developer,HMG AMERICA LLC,"San Jose, CA",1 week ago,https://www.linkedin.com/jobs/view/python-developer-at-hmg-america-llc-4423238797,
Python Engineer,Akkodis,"Allentown, PA",3 days ago,https://www.linkedin.com/jobs/view/python-engineer-at-akkodis-4426364641,
junior software developer/Python programmer,SynergisticIT,"Atlanta, GA",2 weeks ago,https://www.linkedin.com/jobs/view/junior-software-developer-python-programmer-at-synergisticit-4420679020,
Junior Python Developer,Leidos,"Columbia, MD",1 week ago,https://www.linkedin.com/jobs/view/junior-python-developer-at-leidos-4419608109,
Python Developer,Bright Vision Technologies,"Schaumburg, IL",1 day ago,https://www.linkedin.com/jobs/view/python-developer-at-bright-vision-technologies-4427157019,
Freelance Data Science Engineer (Python & SQL),Mindrift,"Arizona, United States",1 week ago,https://www.linkedin.com/jobs/view/freelance-data-science-engineer-python-sql-at-mindrift-4419284094,
Python Developer,BCforward,"Charlotte, NC",59 minutes ago,https://www.linkedin.com/jobs/view/python-developer-at-bcforward-4428108563,
Python Developer,Bright Vision Technologies,"Allen, TX",15 hours ago,https://www.linkedin.com/jobs/view/python-developer-at-bright-vision-technologies-4427680507,
Freelance Data Science Engineer (Python & SQL),Mindrift,"New York, United States",1 week ago,https://www.linkedin.com/jobs/view/freelance-data-science-engineer-python-sql-at-mindrift-4419282078,
Python Developer,Arkhya Tech. Inc.,"Santa Clara, CA",1 day ago,https://www.linkedin.com/jobs/view/python-developer-at-arkhya-tech-inc-4427560000,
Python Developer,Emonics LLC,"Seattle, WA",2 hours ago,https://www.linkedin.com/jobs/view/python-developer-at-emonics-llc-4426968343,
Freelance Data Science Engineer (Python & SQL),Mindrift,"Texas, United States",1 week ago,https://www.linkedin.com/jobs/view/freelance-data-science-engineer-python-sql-at-mindrift-4419293083,
Entry-Level Data Analyst,Nova Infotek,"Atlanta, GA",25 minutes ago,https://www.linkedin.com/jobs/view/entry-level-data-analyst-at-nova-infotek-4426993064,
"Software Engineer III, AI/ML Recommendations, Rankings, Predictions, Google Ads",Google,"Mountain View, CA",1 week ago,https://www.linkedin.com/jobs/view/software-engineer-iii-ai-ml-recommendations-rankings-predictions-google-ads-at-google-4422880542,
Software Developer,ShyftLabs,"Toronto, Ontario, Canada",2 hours ago,https://ca.linkedin.com/jobs/view/software-developer-at-shyftlabs-4427996810,
Python Developer,Syntronic - A Global Design House,"Kanata, Ontario, Canada",1 month ago,https://ca.linkedin.com/jobs/view/python-developer-at-syntronic-a-global-design-house-4401994302,
AI/ML Engineer ($250k–$400k + Equity) at Known,Jack & Jill,"San Francisco, CA",3 hours ago,https://www.linkedin.com/jobs/view/ai-ml-engineer-%24250k%E2%80%93%24400k-%2B-equity-at-known-at-jack-jill-4426952986,
Freelance Data Science Engineer (Python & SQL),Mindrift,Canada,1 week ago,https://ca.linkedin.com/jobs/view/freelance-data-science-engineer-python-sql-at-mindrift-4422374235,
Freelance Data Science Engineer (Python & SQL),Mindrift,"Kentucky, United States",1 week ago,https://www.linkedin.com/jobs/view/freelance-data-science-engineer-python-sql-at-mindrift-4419289076,
Python Developer,Doghouse Recruitment,United States,9 hours ago,https://www.linkedin.com/jobs/view/python-developer-at-doghouse-recruitment-4426933346,
Data Analyst,Elder Research,United States,1 hour ago,https://www.linkedin.com/jobs/view/data-analyst-at-elder-research-4428119077,
Developer - Python,RSC Solutions,"Charlotte, NC",2 hours ago,https://www.linkedin.com/jobs/view/developer-python-at-rsc-solutions-4418844819,
Data Scientist (Python & SQL) - Freelance AI Trainer,Mindrift,Canada,1 week ago,https://ca.linkedin.com/jobs/view/data-scientist-python-sql-freelance-ai-trainer-at-mindrift-4422355357,
Python Developer,Rivago Infotech Inc,"Charlotte, NC",1 hour ago,https://www.linkedin.com/jobs/view/python-developer-at-rivago-infotech-inc-4425302483,
Data Analyst,Elder Research,United States,1 hour ago,https://www.linkedin.com/jobs/view/data-analyst-at-elder-research-4427998371,
Data Analyst,Elder Research,United States,1 hour ago,https://www.linkedin.com/jobs/view/data-analyst-at-elder-research-4428114166,
Data Analyst,Elder Research,United States,1 hour ago,https://www.linkedin.com/jobs/view/data-analyst-at-elder-research-4428116202,
Full Stack Software Engineer,Synergy ECP,"Annapolis Junction, MD",2 days ago,https://www.linkedin.com/jobs/view/full-stack-software-engineer-at-synergy-ecp-4426517478,
Software Engineer - Python | Remote,Crossing Hurdles,Canada,1 week ago,https://ca.linkedin.com/jobs/view/software-engineer-python-remote-at-crossing-hurdles-4383118672,
Software Engineer – Python | Remote,Crossing Hurdles,Canada,1 week ago,https://ca.linkedin.com/jobs/view/software-engineer-%E2%80%93-python-remote-at-crossing-hurdles-4418566653,
Python Developer,Set of X,"Fort Meade, MD",1 week ago,https://www.linkedin.com/jobs/view/python-developer-at-set-of-x-4419633406,
Python Developer/AI Engineer,Inherent Technologies,"New York, NY",1 day ago,https://www.linkedin.com/jobs/view/python-developer-ai-engineer-at-inherent-technologies-4427078308,
Junior Software Developer,Helic & Co.,Canada,1 day ago,https://ca.linkedin.com/jobs/view/junior-software-developer-at-helic-co-4427578388,
AI Engineer,Collate,"San Francisco, CA",2 hours ago,https://www.linkedin.com/jobs/view/ai-engineer-at-collate-4427998255,
"Data Scientist, Applied Science",Future Secure AI,"Austin, TX",23 hours ago,https://www.linkedin.com/jobs/view/data-scientist-applied-science-at-future-secure-ai-4427574690,
